{
  "startedAt": "2026-04-19T02:56:47.973Z",
  "fixture": "C:\\Users\\LamySolution\\workspace\\mandu\\demo\\starter",
  "iterations": 2,
  "perfMode": false,
  "warmOnly": true,
  "coldFirstIter": false,
  "cold": null,
  "warm": [
    {
      "readyMs": 878.7266,
      "reportedMs": 368,
      "perfLines": [],
      "timedOut": false,
      "port": 46229,
      "idx": 1,
      "mode": "warm"
    },
    {
      "readyMs": 968.7772,
      "reportedMs": 384,
      "perfLines": [],
      "timedOut": false,
      "port": 54880,
      "idx": 2,
      "mode": "warm"
    }
  ],
  "warmStats": {
    "count": 2,
    "p50": 923.7519,
    "p95": 964.2746699999999,
    "p99": 967.876694,
    "mean": 923.7519,
    "min": 878.7266,
    "max": 968.7772
  },
  "firstWarmMs": 878.7266,
  "steadyWarmStats": {
    "count": 1,
    "p50": 968.7772,
    "p95": 968.7772,
    "p99": 968.7772,
    "mean": 968.7772,
    "min": 968.7772,
    "max": 968.7772
  },
  "jitDeltaMs": -90.05060000000003
}